Weekday,Day,Week_Number,Month,Year
Tuesday,01/01/2019,1,January,2019
Wednesday,02/01/2019,1,January,2019
Thursday,03/01/2019,1,January,2019
Friday,04/01/2019,1,January,2019
Saturday,05/01/2019,1,January,2019
Sunday,06/01/2019,1,January,2019
Monday,07/01/2019,2,January,2019
Tuesday,08/01/2019,2,January,2019
Wednesday,09/01/2019,2,January,2019
Thursday,10/01/2019,2,January,2019
Friday,11/01/2019,2,January,2019
Saturday,12/01/2019,2,January,2019
Sunday,13/01/2019,2,January,2019
Monday,14/01/2019,3,January,2019
Tuesday,15/01/2019,3,January,2019
Wednesday,16/01/2019,3,January,2019
Thursday,17/01/2019,3,January,2019
Friday,18/01/2019,3,January,2019
Saturday,19/01/2019,3,January,2019
Sunday,20/01/2019,3,January,2019
Monday,21/01/2019,4,January,2019
Tuesday,22/01/2019,4,January,2019
Wednesday,23/01/2019,4,January,2019
Thursday,24/01/2019,4,January,2019
Friday,25/01/2019,4,January,2019
Saturday,26/01/2019,4,January,2019
Sunday,27/01/2019,4,January,2019
Monday,28/01/2019,5,January,2019
Tuesday,29/01/2019,5,January,2019
Wednesday,30/01/2019,5,January,2019
Thursday,31/01/2019,5,January,2019
Friday,01/02/2019,5,February,2019
Saturday,02/02/2019,5,February,2019
Sunday,03/02/2019,5,February,2019
Monday,04/02/2019,6,February,2019
Tuesday,05/02/2019,6,February,2019
Wednesday,06/02/2019,6,February,2019
Thursday,07/02/2019,6,February,2019
Friday,08/02/2019,6,February,2019
Saturday,09/02/2019,6,February,2019
Sunday,10/02/2019,6,February,2019
Monday,11/02/2019,7,February,2019
Tuesday,12/02/2019,7,February,2019
Wednesday,13/02/2019,7,February,2019
Thursday,14/02/2019,7,February,2019
Friday,15/02/2019,7,February,2019
Saturday,16/02/2019,7,February,2019
Sunday,17/02/2019,7,February,2019
Monday,18/02/2019,8,February,2019
Tuesday,19/02/2019,8,February,2019
Wednesday,20/02/2019,8,February,2019
Thursday,21/02/2019,8,February,2019
Friday,22/02/2019,8,February,2019
Saturday,23/02/2019,8,February,2019
Sunday,24/02/2019,8,February,2019
Monday,25/02/2019,9,February,2019
Tuesday,26/02/2019,9,February,2019
Wednesday,27/02/2019,9,February,2019
Thursday,28/02/2019,9,February,2019
Friday,01/03/2019,9,March,2019
Saturday,02/03/2019,9,March,2019
Sunday,03/03/2019,9,March,2019
Monday,04/03/2019,10,March,2019
Tuesday,05/03/2019,10,March,2019
Wednesday,06/03/2019,10,March,2019
Thursday,07/03/2019,10,March,2019
Friday,08/03/2019,10,March,2019
Saturday,09/03/2019,10,March,2019
Sunday,10/03/2019,10,March,2019
Monday,11/03/2019,11,March,2019
Tuesday,12/03/2019,11,March,2019
Wednesday,13/03/2019,11,March,2019
Thursday,14/03/2019,11,March,2019
Friday,15/03/2019,11,March,2019
Saturday,16/03/2019,11,March,2019
Sunday,17/03/2019,11,March,2019
Monday,18/03/2019,12,March,2019
Tuesday,19/03/2019,12,March,2019
Wednesday,20/03/2019,12,March,2019
Thursday,21/03/2019,12,March,2019
Friday,22/03/2019,12,March,2019
Saturday,23/03/2019,12,March,2019
Sunday,24/03/2019,12,March,2019
Monday,25/03/2019,13,March,2019
Tuesday,26/03/2019,13,March,2019
Wednesday,27/03/2019,13,March,2019
Thursday,28/03/2019,13,March,2019
Friday,29/03/2019,13,March,2019
Saturday,30/03/2019,13,March,2019
Sunday,31/03/2019,13,March,2019
Monday,01/04/2019,14,April,2019
Tuesday,02/04/2019,14,April,2019
Wednesday,03/04/2019,14,April,2019
Thursday,04/04/2019,14,April,2019
Friday,05/04/2019,14,April,2019
Saturday,06/04/2019,14,April,2019
Sunday,07/04/2019,14,April,2019
Monday,08/04/2019,15,April,2019
Tuesday,09/04/2019,15,April,2019
Wednesday,10/04/2019,15,April,2019
Thursday,11/04/2019,15,April,2019
Friday,12/04/2019,15,April,2019
Saturday,13/04/2019,15,April,2019
Sunday,14/04/2019,15,April,2019
Monday,15/04/2019,16,April,2019
Tuesday,16/04/2019,16,April,2019
Wednesday,17/04/2019,16,April,2019
Thursday,18/04/2019,16,April,2019
Friday,19/04/2019,16,April,2019
Saturday,20/04/2019,16,April,2019
Sunday,21/04/2019,16,April,2019
Monday,22/04/2019,17,April,2019
Tuesday,23/04/2019,17,April,2019
Wednesday,24/04/2019,17,April,2019
Thursday,25/04/2019,17,April,2019
Friday,26/04/2019,17,April,2019
Saturday,27/04/2019,17,April,2019
Sunday,28/04/2019,17,April,2019
Monday,29/04/2019,18,April,2019
Tuesday,30/04/2019,18,April,2019
Wednesday,01/05/2019,18,May,2019
Thursday,02/05/2019,18,May,2019
Friday,03/05/2019,18,May,2019
Saturday,04/05/2019,18,May,2019
Sunday,05/05/2019,18,May,2019
Monday,06/05/2019,19,May,2019
Tuesday,07/05/2019,19,May,2019
Wednesday,08/05/2019,19,May,2019
Thursday,09/05/2019,19,May,2019
Friday,10/05/2019,19,May,2019
Saturday,11/05/2019,19,May,2019
Sunday,12/05/2019,19,May,2019
Monday,13/05/2019,20,May,2019
Tuesday,14/05/2019,20,May,2019
Wednesday,15/05/2019,20,May,2019
Thursday,16/05/2019,20,May,2019
Friday,17/05/2019,20,May,2019
Saturday,18/05/2019,20,May,2019
Sunday,19/05/2019,20,May,2019
Monday,20/05/2019,21,May,2019
Tuesday,21/05/2019,21,May,2019
Wednesday,22/05/2019,21,May,2019
Thursday,23/05/2019,21,May,2019
Friday,24/05/2019,21,May,2019
Saturday,25/05/2019,21,May,2019
Sunday,26/05/2019,21,May,2019
Monday,27/05/2019,22,May,2019
Tuesday,28/05/2019,22,May,2019
Wednesday,29/05/2019,22,May,2019
Thursday,30/05/2019,22,May,2019
Friday,31/05/2019,22,May,2019
Saturday,01/06/2019,22,June,2019
Sunday,02/06/2019,22,June,2019
Monday,03/06/2019,23,June,2019
Tuesday,04/06/2019,23,June,2019
Wednesday,05/06/2019,23,June,2019
Thursday,06/06/2019,23,June,2019
Friday,07/06/2019,23,June,2019
Saturday,08/06/2019,23,June,2019
Sunday,09/06/2019,23,June,2019
Monday,10/06/2019,24,June,2019
Tuesday,11/06/2019,24,June,2019
Wednesday,12/06/2019,24,June,2019
Thursday,13/06/2019,24,June,2019
Friday,14/06/2019,24,June,2019
Saturday,15/06/2019,24,June,2019
Sunday,16/06/2019,24,June,2019
Monday,17/06/2019,25,June,2019
Tuesday,18/06/2019,25,June,2019
Wednesday,19/06/2019,25,June,2019
Thursday,20/06/2019,25,June,2019
Friday,21/06/2019,25,June,2019
Saturday,22/06/2019,25,June,2019
Sunday,23/06/2019,25,June,2019
Monday,24/06/2019,26,June,2019
Tuesday,25/06/2019,26,June,2019
Wednesday,26/06/2019,26,June,2019
Thursday,27/06/2019,26,June,2019
Friday,28/06/2019,26,June,2019
Saturday,29/06/2019,26,June,2019
Sunday,30/06/2019,26,June,2019
Monday,01/07/2019,27,July,2019
Tuesday,02/07/2019,27,July,2019
Wednesday,03/07/2019,27,July,2019
Thursday,04/07/2019,27,July,2019
Friday,05/07/2019,27,July,2019
Saturday,06/07/2019,27,July,2019
Sunday,07/07/2019,27,July,2019
Monday,08/07/2019,28,July,2019
Tuesday,09/07/2019,28,July,2019
Wednesday,10/07/2019,28,July,2019
Thursday,11/07/2019,28,July,2019
Friday,12/07/2019,28,July,2019
Saturday,13/07/2019,28,July,2019
Sunday,14/07/2019,28,July,2019
Monday,15/07/2019,29,July,2019
Tuesday,16/07/2019,29,July,2019
Wednesday,17/07/2019,29,July,2019
Thursday,18/07/2019,29,July,2019
Friday,19/07/2019,29,July,2019
Saturday,20/07/2019,29,July,2019
Sunday,21/07/2019,29,July,2019
Monday,22/07/2019,30,July,2019
Tuesday,23/07/2019,30,July,2019
Wednesday,24/07/2019,30,July,2019
Thursday,25/07/2019,30,July,2019
Friday,26/07/2019,30,July,2019
Saturday,27/07/2019,30,July,2019
Sunday,28/07/2019,30,July,2019
Monday,29/07/2019,31,July,2019
Tuesday,30/07/2019,31,July,2019
Wednesday,31/07/2019,31,July,2019
Thursday,01/08/2019,31,August,2019
Friday,02/08/2019,31,August,2019
Saturday,03/08/2019,31,August,2019
Sunday,04/08/2019,31,August,2019
Monday,05/08/2019,32,August,2019
Tuesday,06/08/2019,32,August,2019
Wednesday,07/08/2019,32,August,2019
Thursday,08/08/2019,32,August,2019
Friday,09/08/2019,32,August,2019
Saturday,10/08/2019,32,August,2019
Sunday,11/08/2019,32,August,2019
Monday,12/08/2019,33,August,2019
Tuesday,13/08/2019,33,August,2019
Wednesday,14/08/2019,33,August,2019
Thursday,15/08/2019,33,August,2019
Friday,16/08/2019,33,August,2019
Saturday,17/08/2019,33,August,2019
Sunday,18/08/2019,33,August,2019
Monday,19/08/2019,34,August,2019
Tuesday,20/08/2019,34,August,2019
Wednesday,21/08/2019,34,August,2019
Thursday,22/08/2019,34,August,2019
Friday,23/08/2019,34,August,2019
Saturday,24/08/2019,34,August,2019
Sunday,25/08/2019,34,August,2019
Monday,26/08/2019,35,August,2019
Tuesday,27/08/2019,35,August,2019
Wednesday,28/08/2019,35,August,2019
Thursday,29/08/2019,35,August,2019
Friday,30/08/2019,35,August,2019
Saturday,31/08/2019,35,August,2019
Sunday,01/09/2019,35,September,2019
Monday,02/09/2019,36,September,2019
Tuesday,03/09/2019,36,September,2019
Wednesday,04/09/2019,36,September,2019
Thursday,05/09/2019,36,September,2019
Friday,06/09/2019,36,September,2019
Saturday,07/09/2019,36,September,2019
Sunday,08/09/2019,36,September,2019
Monday,09/09/2019,37,September,2019
Tuesday,10/09/2019,37,September,2019
Wednesday,11/09/2019,37,September,2019
Thursday,12/09/2019,37,September,2019
Friday,13/09/2019,37,September,2019
Saturday,14/09/2019,37,September,2019
Sunday,15/09/2019,37,September,2019
Monday,16/09/2019,38,September,2019
Tuesday,17/09/2019,38,September,2019
Wednesday,18/09/2019,38,September,2019
Thursday,19/09/2019,38,September,2019
Friday,20/09/2019,38,September,2019
Saturday,21/09/2019,38,September,2019
Sunday,22/09/2019,38,September,2019
Monday,23/09/2019,39,September,2019
Tuesday,24/09/2019,39,September,2019
Wednesday,25/09/2019,39,September,2019
Thursday,26/09/2019,39,September,2019
Friday,27/09/2019,39,September,2019
Saturday,28/09/2019,39,September,2019
Sunday,29/09/2019,39,September,2019
Monday,30/09/2019,40,September,2019
Tuesday,01/10/2019,40,October,2019
Wednesday,02/10/2019,40,October,2019
Thursday,03/10/2019,40,October,2019
Friday,04/10/2019,40,October,2019
Saturday,05/10/2019,40,October,2019
Sunday,06/10/2019,40,October,2019
Monday,07/10/2019,41,October,2019
Tuesday,08/10/2019,41,October,2019
Wednesday,09/10/2019,41,October,2019
Thursday,10/10/2019,41,October,2019
Friday,11/10/2019,41,October,2019
Saturday,12/10/2019,41,October,2019
Sunday,13/10/2019,41,October,2019
Monday,14/10/2019,42,October,2019
Tuesday,15/10/2019,42,October,2019
Wednesday,16/10/2019,42,October,2019
Thursday,17/10/2019,42,October,2019
Friday,18/10/2019,42,October,2019
Saturday,19/10/2019,42,October,2019
Sunday,20/10/2019,42,October,2019
Monday,21/10/2019,43,October,2019
Tuesday,22/10/2019,43,October,2019
Wednesday,23/10/2019,43,October,2019
Thursday,24/10/2019,43,October,2019
Friday,25/10/2019,43,October,2019
Saturday,26/10/2019,43,October,2019
Sunday,27/10/2019,43,October,2019
Monday,28/10/2019,44,October,2019
Tuesday,29/10/2019,44,October,2019
Wednesday,30/10/2019,44,October,2019
Thursday,31/10/2019,44,October,2019
Friday,01/11/2019,44,November,2019
Saturday,02/11/2019,44,November,2019
Sunday,03/11/2019,44,November,2019
Monday,04/11/2019,45,November,2019
Tuesday,05/11/2019,45,November,2019
Wednesday,06/11/2019,45,November,2019
Thursday,07/11/2019,45,November,2019
Friday,08/11/2019,45,November,2019
Saturday,09/11/2019,45,November,2019
Sunday,10/11/2019,45,November,2019
Monday,11/11/2019,46,November,2019
Tuesday,12/11/2019,46,November,2019
Wednesday,13/11/2019,46,November,2019
Thursday,14/11/2019,46,November,2019
Friday,15/11/2019,46,November,2019
Saturday,16/11/2019,46,November,2019
Sunday,17/11/2019,46,November,2019
Monday,18/11/2019,47,November,2019
Tuesday,19/11/2019,47,November,2019
Wednesday,20/11/2019,47,November,2019
Thursday,21/11/2019,47,November,2019
Friday,22/11/2019,47,November,2019
Saturday,23/11/2019,47,November,2019
Sunday,24/11/2019,47,November,2019
Monday,25/11/2019,48,November,2019
Tuesday,26/11/2019,48,November,2019
Wednesday,27/11/2019,48,November,2019
Thursday,28/11/2019,48,November,2019
Friday,29/11/2019,48,November,2019
Saturday,30/11/2019,48,November,2019
Sunday,01/12/2019,48,December,2019
Monday,02/12/2019,49,December,2019
Tuesday,03/12/2019,49,December,2019
Wednesday,04/12/2019,49,December,2019
Thursday,05/12/2019,49,December,2019
Friday,06/12/2019,49,December,2019
Saturday,07/12/2019,49,December,2019
Sunday,08/12/2019,49,December,2019
Monday,09/12/2019,50,December,2019
Tuesday,10/12/2019,50,December,2019
Wednesday,11/12/2019,50,December,2019
Thursday,12/12/2019,50,December,2019
Friday,13/12/2019,50,December,2019
Saturday,14/12/2019,50,December,2019
Sunday,15/12/2019,50,December,2019
Monday,16/12/2019,51,December,2019
Tuesday,17/12/2019,51,December,2019
Wednesday,18/12/2019,51,December,2019
Thursday,19/12/2019,51,December,2019
Friday,20/12/2019,51,December,2019
Saturday,21/12/2019,51,December,2019
Sunday,22/12/2019,51,December,2019
Monday,23/12/2019,52,December,2019
Tuesday,24/12/2019,52,December,2019
Wednesday,25/12/2019,52,December,2019
Thursday,26/12/2019,52,December,2019
Friday,27/12/2019,52,December,2019
Saturday,28/12/2019,52,December,2019
Sunday,29/12/2019,52,December,2019
Monday,30/12/2019,1,December,2019
Tuesday,31/12/2019,1,December,2019
Wednesday,01/01/2020,1,January,2020
Thursday,02/01/2020,1,January,2020
Friday,03/01/2020,1,January,2020
Saturday,04/01/2020,1,January,2020
Sunday,05/01/2020,1,January,2020
Monday,06/01/2020,2,January,2020
Tuesday,07/01/2020,2,January,2020
Wednesday,08/01/2020,2,January,2020
Thursday,09/01/2020,2,January,2020
Friday,10/01/2020,2,January,2020
Saturday,11/01/2020,2,January,2020
Sunday,12/01/2020,2,January,2020
Monday,13/01/2020,3,January,2020
Tuesday,14/01/2020,3,January,2020
Wednesday,15/01/2020,3,January,2020
Thursday,16/01/2020,3,January,2020
Friday,17/01/2020,3,January,2020
Saturday,18/01/2020,3,January,2020
Sunday,19/01/2020,3,January,2020
Monday,20/01/2020,4,January,2020
Tuesday,21/01/2020,4,January,2020
Wednesday,22/01/2020,4,January,2020
Thursday,23/01/2020,4,January,2020
Friday,24/01/2020,4,January,2020
Saturday,25/01/2020,4,January,2020
Sunday,26/01/2020,4,January,2020
Monday,27/01/2020,5,January,2020
Tuesday,28/01/2020,5,January,2020
Wednesday,29/01/2020,5,January,2020
Thursday,30/01/2020,5,January,2020
Friday,31/01/2020,5,January,2020
Saturday,01/02/2020,5,February,2020
Sunday,02/02/2020,5,February,2020
Monday,03/02/2020,6,February,2020
Tuesday,04/02/2020,6,February,2020
Wednesday,05/02/2020,6,February,2020
Thursday,06/02/2020,6,February,2020
Friday,07/02/2020,6,February,2020
Saturday,08/02/2020,6,February,2020
Sunday,09/02/2020,6,February,2020
Monday,10/02/2020,7,February,2020
Tuesday,11/02/2020,7,February,2020
Wednesday,12/02/2020,7,February,2020
Thursday,13/02/2020,7,February,2020
Friday,14/02/2020,7,February,2020
Saturday,15/02/2020,7,February,2020
Sunday,16/02/2020,7,February,2020
Monday,17/02/2020,8,February,2020
Tuesday,18/02/2020,8,February,2020
Wednesday,19/02/2020,8,February,2020
Thursday,20/02/2020,8,February,2020
Friday,21/02/2020,8,February,2020
Saturday,22/02/2020,8,February,2020
Sunday,23/02/2020,8,February,2020
Monday,24/02/2020,9,February,2020
Tuesday,25/02/2020,9,February,2020
Wednesday,26/02/2020,9,February,2020
Thursday,27/02/2020,9,February,2020
Friday,28/02/2020,9,February,2020
Saturday,29/02/2020,9,February,2020
Sunday,01/03/2020,9,March,2020
Monday,02/03/2020,10,March,2020
Tuesday,03/03/2020,10,March,2020
Wednesday,04/03/2020,10,March,2020
Thursday,05/03/2020,10,March,2020
Friday,06/03/2020,10,March,2020
Saturday,07/03/2020,10,March,2020
Sunday,08/03/2020,10,March,2020
Monday,09/03/2020,11,March,2020
Tuesday,10/03/2020,11,March,2020
Wednesday,11/03/2020,11,March,2020
Thursday,12/03/2020,11,March,2020
Friday,13/03/2020,11,March,2020
Saturday,14/03/2020,11,March,2020
Sunday,15/03/2020,11,March,2020
Monday,16/03/2020,12,March,2020
Tuesday,17/03/2020,12,March,2020
Wednesday,18/03/2020,12,March,2020
Thursday,19/03/2020,12,March,2020
Friday,20/03/2020,12,March,2020
Saturday,21/03/2020,12,March,2020
Sunday,22/03/2020,12,March,2020
Monday,23/03/2020,13,March,2020
Tuesday,24/03/2020,13,March,2020
Wednesday,25/03/2020,13,March,2020
Thursday,26/03/2020,13,March,2020
Friday,27/03/2020,13,March,2020
Saturday,28/03/2020,13,March,2020
Sunday,29/03/2020,13,March,2020
Monday,30/03/2020,14,March,2020
Tuesday,31/03/2020,14,March,2020
Wednesday,01/04/2020,14,April,2020
Thursday,02/04/2020,14,April,2020
Friday,03/04/2020,14,April,2020
Saturday,04/04/2020,14,April,2020
Sunday,05/04/2020,14,April,2020
Monday,06/04/2020,15,April,2020
Tuesday,07/04/2020,15,April,2020
Wednesday,08/04/2020,15,April,2020
Thursday,09/04/2020,15,April,2020
Friday,10/04/2020,15,April,2020
Saturday,11/04/2020,15,April,2020
Sunday,12/04/2020,15,April,2020
Monday,13/04/2020,16,April,2020
Tuesday,14/04/2020,16,April,2020
Wednesday,15/04/2020,16,April,2020
Thursday,16/04/2020,16,April,2020
Friday,17/04/2020,16,April,2020
Saturday,18/04/2020,16,April,2020
Sunday,19/04/2020,16,April,2020
Monday,20/04/2020,17,April,2020
Tuesday,21/04/2020,17,April,2020
Wednesday,22/04/2020,17,April,2020
Thursday,23/04/2020,17,April,2020
Friday,24/04/2020,17,April,2020
Saturday,25/04/2020,17,April,2020
Sunday,26/04/2020,17,April,2020
Monday,27/04/2020,18,April,2020
Tuesday,28/04/2020,18,April,2020
Wednesday,29/04/2020,18,April,2020
Thursday,30/04/2020,18,April,2020
Friday,01/05/2020,18,May,2020
Saturday,02/05/2020,18,May,2020
Sunday,03/05/2020,18,May,2020
Monday,04/05/2020,19,May,2020
Tuesday,05/05/2020,19,May,2020
Wednesday,06/05/2020,19,May,2020
Thursday,07/05/2020,19,May,2020
Friday,08/05/2020,19,May,2020
Saturday,09/05/2020,19,May,2020
Sunday,10/05/2020,19,May,2020
Monday,11/05/2020,20,May,2020
Tuesday,12/05/2020,20,May,2020
Wednesday,13/05/2020,20,May,2020
Thursday,14/05/2020,20,May,2020
Friday,15/05/2020,20,May,2020
Saturday,16/05/2020,20,May,2020
Sunday,17/05/2020,20,May,2020
Monday,18/05/2020,21,May,2020
Tuesday,19/05/2020,21,May,2020
Wednesday,20/05/2020,21,May,2020
Thursday,21/05/2020,21,May,2020
Friday,22/05/2020,21,May,2020
Saturday,23/05/2020,21,May,2020
Sunday,24/05/2020,21,May,2020
Monday,25/05/2020,22,May,2020
Tuesday,26/05/2020,22,May,2020
Wednesday,27/05/2020,22,May,2020
Thursday,28/05/2020,22,May,2020
Friday,29/05/2020,22,May,2020
Saturday,30/05/2020,22,May,2020
Sunday,31/05/2020,22,May,2020
Monday,01/06/2020,23,June,2020
Tuesday,02/06/2020,23,June,2020
Wednesday,03/06/2020,23,June,2020
Thursday,04/06/2020,23,June,2020
Friday,05/06/2020,23,June,2020
Saturday,06/06/2020,23,June,2020
Sunday,07/06/2020,23,June,2020
Monday,08/06/2020,24,June,2020
Tuesday,09/06/2020,24,June,2020
Wednesday,10/06/2020,24,June,2020
Thursday,11/06/2020,24,June,2020
Friday,12/06/2020,24,June,2020
Saturday,13/06/2020,24,June,2020
Sunday,14/06/2020,24,June,2020
Monday,15/06/2020,25,June,2020
Tuesday,16/06/2020,25,June,2020
Wednesday,17/06/2020,25,June,2020
Thursday,18/06/2020,25,June,2020
Friday,19/06/2020,25,June,2020
Saturday,20/06/2020,25,June,2020
Sunday,21/06/2020,25,June,2020
Monday,22/06/2020,26,June,2020
Tuesday,23/06/2020,26,June,2020
Wednesday,24/06/2020,26,June,2020
Thursday,25/06/2020,26,June,2020
Friday,26/06/2020,26,June,2020
Saturday,27/06/2020,26,June,2020
Sunday,28/06/2020,26,June,2020
Monday,29/06/2020,27,June,2020
Tuesday,30/06/2020,27,June,2020
Wednesday,01/07/2020,27,July,2020
Thursday,02/07/2020,27,July,2020
Friday,03/07/2020,27,July,2020
Saturday,04/07/2020,27,July,2020
Sunday,05/07/2020,27,July,2020
Monday,06/07/2020,28,July,2020
Tuesday,07/07/2020,28,July,2020
Wednesday,08/07/2020,28,July,2020
Thursday,09/07/2020,28,July,2020
Friday,10/07/2020,28,July,2020
Saturday,11/07/2020,28,July,2020
Sunday,12/07/2020,28,July,2020
Monday,13/07/2020,29,July,2020
Tuesday,14/07/2020,29,July,2020
Wednesday,15/07/2020,29,July,2020
Thursday,16/07/2020,29,July,2020
Friday,17/07/2020,29,July,2020
Saturday,18/07/2020,29,July,2020
Sunday,19/07/2020,29,July,2020
Monday,20/07/2020,30,July,2020
Tuesday,21/07/2020,30,July,2020
Wednesday,22/07/2020,30,July,2020
Thursday,23/07/2020,30,July,2020
Friday,24/07/2020,30,July,2020
Saturday,25/07/2020,30,July,2020
Sunday,26/07/2020,30,July,2020
Monday,27/07/2020,31,July,2020
Tuesday,28/07/2020,31,July,2020
Wednesday,29/07/2020,31,July,2020
Thursday,30/07/2020,31,July,2020
Friday,31/07/2020,31,July,2020
Saturday,01/08/2020,31,August,2020
Sunday,02/08/2020,31,August,2020
Monday,03/08/2020,32,August,2020
Tuesday,04/08/2020,32,August,2020
Wednesday,05/08/2020,32,August,2020
Thursday,06/08/2020,32,August,2020
Friday,07/08/2020,32,August,2020
Saturday,08/08/2020,32,August,2020
Sunday,09/08/2020,32,August,2020
Monday,10/08/2020,33,August,2020
Tuesday,11/08/2020,33,August,2020
Wednesday,12/08/2020,33,August,2020
Thursday,13/08/2020,33,August,2020
Friday,14/08/2020,33,August,2020
Saturday,15/08/2020,33,August,2020
Sunday,16/08/2020,33,August,2020
Monday,17/08/2020,34,August,2020
Tuesday,18/08/2020,34,August,2020
Wednesday,19/08/2020,34,August,2020
Thursday,20/08/2020,34,August,2020
Friday,21/08/2020,34,August,2020
Saturday,22/08/2020,34,August,2020
Sunday,23/08/2020,34,August,2020
Monday,24/08/2020,35,August,2020
Tuesday,25/08/2020,35,August,2020
Wednesday,26/08/2020,35,August,2020
Thursday,27/08/2020,35,August,2020
Friday,28/08/2020,35,August,2020
Saturday,29/08/2020,35,August,2020
Sunday,30/08/2020,35,August,2020
Monday,31/08/2020,36,August,2020
Tuesday,01/09/2020,36,September,2020
Wednesday,02/09/2020,36,September,2020
Thursday,03/09/2020,36,September,2020
Friday,04/09/2020,36,September,2020
Saturday,05/09/2020,36,September,2020
Sunday,06/09/2020,36,September,2020
Monday,07/09/2020,37,September,2020
Tuesday,08/09/2020,37,September,2020
Wednesday,09/09/2020,37,September,2020
Thursday,10/09/2020,37,September,2020
Friday,11/09/2020,37,September,2020
Saturday,12/09/2020,37,September,2020
Sunday,13/09/2020,37,September,2020
Monday,14/09/2020,38,September,2020
Tuesday,15/09/2020,38,September,2020
Wednesday,16/09/2020,38,September,2020
Thursday,17/09/2020,38,September,2020
Friday,18/09/2020,38,September,2020
Saturday,19/09/2020,38,September,2020
Sunday,20/09/2020,38,September,2020
Monday,21/09/2020,39,September,2020
Tuesday,22/09/2020,39,September,2020
Wednesday,23/09/2020,39,September,2020
Thursday,24/09/2020,39,September,2020
Friday,25/09/2020,39,September,2020
Saturday,26/09/2020,39,September,2020
Sunday,27/09/2020,39,September,2020
Monday,28/09/2020,40,September,2020
Tuesday,29/09/2020,40,September,2020
Wednesday,30/09/2020,40,September,2020
Thursday,01/10/2020,40,October,2020
Friday,02/10/2020,40,October,2020
Saturday,03/10/2020,40,October,2020
Sunday,04/10/2020,40,October,2020
Monday,05/10/2020,41,October,2020
Tuesday,06/10/2020,41,October,2020
Wednesday,07/10/2020,41,October,2020
Thursday,08/10/2020,41,October,2020
Friday,09/10/2020,41,October,2020
Saturday,10/10/2020,41,October,2020
Sunday,11/10/2020,41,October,2020
Monday,12/10/2020,42,October,2020
Tuesday,13/10/2020,42,October,2020
Wednesday,14/10/2020,42,October,2020
Thursday,15/10/2020,42,October,2020
Friday,16/10/2020,42,October,2020
Saturday,17/10/2020,42,October,2020
Sunday,18/10/2020,42,October,2020
Monday,19/10/2020,43,October,2020
Tuesday,20/10/2020,43,October,2020
Wednesday,21/10/2020,43,October,2020
Thursday,22/10/2020,43,October,2020
Friday,23/10/2020,43,October,2020
Saturday,24/10/2020,43,October,2020
Sunday,25/10/2020,43,October,2020
Monday,26/10/2020,44,October,2020
Tuesday,27/10/2020,44,October,2020
Wednesday,28/10/2020,44,October,2020
Thursday,29/10/2020,44,October,2020
Friday,30/10/2020,44,October,2020
Saturday,31/10/2020,44,October,2020
Sunday,01/11/2020,44,November,2020
Monday,02/11/2020,45,November,2020
Tuesday,03/11/2020,45,November,2020
Wednesday,04/11/2020,45,November,2020
Thursday,05/11/2020,45,November,2020
Friday,06/11/2020,45,November,2020
Saturday,07/11/2020,45,November,2020
Sunday,08/11/2020,45,November,2020
Monday,09/11/2020,46,November,2020
Tuesday,10/11/2020,46,November,2020
Wednesday,11/11/2020,46,November,2020
Thursday,12/11/2020,46,November,2020
Friday,13/11/2020,46,November,2020
Saturday,14/11/2020,46,November,2020
Sunday,15/11/2020,46,November,2020
Monday,16/11/2020,47,November,2020
Tuesday,17/11/2020,47,November,2020
Wednesday,18/11/2020,47,November,2020
Thursday,19/11/2020,47,November,2020
Friday,20/11/2020,47,November,2020
Saturday,21/11/2020,47,November,2020
Sunday,22/11/2020,47,November,2020
Monday,23/11/2020,48,November,2020
Tuesday,24/11/2020,48,November,2020
Wednesday,25/11/2020,48,November,2020
Thursday,26/11/2020,48,November,2020
Friday,27/11/2020,48,November,2020
Saturday,28/11/2020,48,November,2020
Sunday,29/11/2020,48,November,2020
Monday,30/11/2020,49,November,2020
Tuesday,01/12/2020,49,December,2020
Wednesday,02/12/2020,49,December,2020
Thursday,03/12/2020,49,December,2020
Friday,04/12/2020,49,December,2020
Saturday,05/12/2020,49,December,2020
Sunday,06/12/2020,49,December,2020
Monday,07/12/2020,50,December,2020
Tuesday,08/12/2020,50,December,2020
Wednesday,09/12/2020,50,December,2020
Thursday,10/12/2020,50,December,2020
Friday,11/12/2020,50,December,2020
Saturday,12/12/2020,50,December,2020
Sunday,13/12/2020,50,December,2020
Monday,14/12/2020,51,December,2020
Tuesday,15/12/2020,51,December,2020
Wednesday,16/12/2020,51,December,2020
Thursday,17/12/2020,51,December,2020
Friday,18/12/2020,51,December,2020
Saturday,19/12/2020,51,December,2020
Sunday,20/12/2020,51,December,2020
Monday,21/12/2020,52,December,2020
Tuesday,22/12/2020,52,December,2020
Wednesday,23/12/2020,52,December,2020
Thursday,24/12/2020,52,December,2020
Friday,25/12/2020,52,December,2020
Saturday,26/12/2020,52,December,2020
Sunday,27/12/2020,52,December,2020
Monday,28/12/2020,53,December,2020
Tuesday,29/12/2020,53,December,2020
Wednesday,30/12/2020,53,December,2020
Thursday,31/12/2020,53,December,2020
